"RELLAKE","STATNAME","STATIONID","TOWN"
"SNAKE RIVER - TO LAKE WAUKEWAN","SNAKE RIVER-SITE 1","SNANWH1","NEW HAMPTON"
"SNAKE RIVER - TO LAKE WAUKEWAN","SNAKE RIVER-SITE 2","SNANWH2","NEW HAMPTON"
"SNAKE RIVER - TO LAKE WAUKEWAN","SNAKE RIVER-SITE 3","SNANWH3","NEW HAMPTON"
"SNAKE RIVER - TO LAKE WAUKEWAN","SNAKE RIVER-SITE 4","SNANWH4","NEW HAMPTON"
"SNAKE RIVER - TO LAKE WAUKEWAN","SNAKE RIVER-SITE 5","SNANWH5","NEW HAMPTON"
"ARMINGTON LAKE","ARMINGTON LAKE-SITE 2B","ARMPIE2B","PIERMONT"
"ARMINGTON LAKE","ARMINGTON LAKE-4","ARMPIE4","PIERMONT"
"ARMINGTON LAKE","ARMINGTON LAKE-SITE 6A","ARMPIE6A","PIERMONT"
"PLEASANT LAKE","PLEASANT LAKE-DEEP SPOT","PLEDEED","DEERFIELD"
"GREGG LAKE","GREGG LAKE-DEEP SPOT","GREANTD","ANTRIM"
"ROBINSON POND","ROBINSON POND-STA 2 LAUNCH BROOK","ROBHUDL2","HUDSON"
"ROBINSON POND","ROBINSON POND-STA 3 HOWARD BROOK","ROBHUDH3","HUDSON"
"ROBINSON POND","ROBINSON POND-STA 4 JUNIPER BROOK","ROBHUDJ4","HUDSON"
"ROBINSON POND","ROBINSON POND-STA 5 STONEY LANE DRAINAGE","ROBHUDS5","HUDSON"
"ROBINSON POND","ROBINSON POND-STA 6 WOODCREST BROOK","ROBHUDW6","HUDSON"
"ROBINSON POND","ROBINSON POND-STA 7 ROW","ROBHUDR7","HUDSON"
"PHILLIPS POND","PHILLIPS POND-DEEP SPOT","PHISDND","SANDOWN"
"PHILLIPS POND","PHILLIPS POND-INLET","PHISDNI","SANDOWN"
"PHILLIPS POND","PHILLIPS POND-OUTLET","PHISDNO","SANDOWN"
"PHILLIPS POND","PHILLIPS POND-METACOMET INLET","PHISDNMI","SANDOWN"
"LOWER DANFORTH POND","LOWER DANFORTH POND-DEEP SPOT","DANLFRED","FREEDOM"
"LEAVITT BAY","LEAVITT BAY-DEEP SPOT","LEAOSSD","OSSIPEE"
"BERRY BAY","BERRY BAY-DEEP SPOT","BERFRED","FREEDOM"
"BROAD BAY","BROAD BAY-DEEP SPOT","BROOSSD","OSSIPEE"
"OSSIPEE LAKE","OSSIPEE LAKE-DEEP SPOT","OSSOSSD","OSSIPEE"
"CLEMENT POND","CLEMENT POND-DEEP SPOT","CLEHOPD","HOPKINTON"
"CLEMENT POND","CLEMENT POND-HOPKINTON INLET","CLEHOPHI","HOPKINTON"
"CLEMENT POND","CLEMENT POND-HARDY BROOK OUTLET","CLEHOPO","HOPKINTON"
"CANOBIE LAKE","CANOBIE LAKE-DEEP SPOT","CANWIND","WINDHAM"
"POWWOW RIVER - POWWOW POND","POWWOW RIVER - POWWOW POND-DEEP SPOT","POWKIND","KINGSTON"
"POWWOW RIVER - POWWOW POND","POWWOW RIVER - POWWOW POND-INLET","POWKINI","KINGSTON"
"HIGHLAND LAKE, NORTH","HIGHLAND LAKE-STATION N DEEP SPOT","HIGSTDND","STODDARD"
"HIGHLAND LAKE, SOUTH","HIGHLAND LAKE-STATION S DEEP SPOT","HIGSTDSD","STODDARD"
"LOON LAKE","LOON LAKE-DEEP SPOT","LOOPLYD","PLYMOUTH"
"FLINTS POND","FLINTS POND-DEEP SPOT","FLIHLSD","HOLLIS"
"LAKE TARLETON","LAKE TARLETON-DEEP SPOT","TARPIED","PIERMONT"
"ARMINGTON LAKE","ARMINGTON LAKE-DEEP SPOT","ARMPIED","PIERMONT"
"TUREE POND","TUREE POND-DEEP SPOT","TURBOWD","BOW"
"ROBINSON POND","ROBINSON POND-DEEP SPOT","ROBHUDD","HUDSON"
"CAPTAIN POND","CAPTAINS POND-DEEP SPOT","CAPSALD","SALEM"
"PINE ISLAND POND","PINE ISLAND POND-DEEP SPOT","PINMAND","MANCHESTER"
"PINE ISLAND POND","PINE ISLAND POND-INLET","PINMANI","MANCHESTER"
"PINE ISLAND POND","PINE ISLAND POND-OUTLET","PINMANO","MANCHESTER"
"SWANZEY LAKE","SWANZEY LAKE-DEEP SPOT","SWASWAD","SWANZEY"
"SWANZEY LAKE","SWANZEY LAKE-OUTLET","SWASWAO","SWANZEY"
"CONTOOCOOK LAKE","CONTOOCOOK LAKE-DEEP SPOT","CONJAFD","JAFFREY"
"CONTOOCOOK LAKE","CONTOOCOOK LAKE-DAM OUTLET","CONJAFO","JAFFREY"
"CONTOOCOOK LAKE","CONTOOCOOK LAKE-JOWDER COVE INLET","CONJAF1","JAFFREY"
"CONTOOCOOK LAKE","CONTOOCOOK LAKE-COCHRANE INLET W","CONJAF3","JAFFREY"
"CONTOOCOOK LAKE","CONTOOCOOK LAKE-COCHRANE INLET E","CONJAF2","JAFFREY"
"TUCKER POND","TUCKER POND-DEEP SPOT","TUCSBYD","SALISBURY"
"TUCKER POND","TUCKER POND-OUTLET","TUCSBYO","SALISBURY"
"TUCKER POND","TUCKER POND-DEAD MANS INLET","TUCSBYDM","SALISBURY"
"TUCKER POND","TUCKER POND-INLET #1","TUCSBYI1","SALISBURY"
"HIGHLAND LAKE","HIGHLAND LAKE-DEEP SPOT","HIGANDD","ANDOVER"
"HIGHLAND LAKE","HIGHLAND LAKE-LOWER MAPLE ST BROOK","HIGANDL","ANDOVER"
"HIGHLAND LAKE","HIGHLAND LAKE-OUTLET","HIGANDO","ANDOVER"
"HIGHLAND LAKE","HIGHLAND LAKE-TILTON BROOK","HIGANDT","ANDOVER"
"HIGHLAND LAKE","HIGHLAND LAKE-WEST INLET","HIGANDW","ANDOVER"
"COBBETTS POND, STN 1","COBBETTS POND-STATION 1 DEEP SPOT","COBWINSD","WINDHAM"
"COBBETTS POND, STN 1","COBBETTS POND-MONSON INLET","COBWINMI","WINDHAM"
"COBBETTS POND, STN 1","COBBETTS POND-MUELLER STREAM","COBWINMS","WINDHAM"
"COBBETTS POND, STN 1","COBBETTS POND-HORSESHOE RD","COBWINHS","WINDHAM"
"COBBETTS POND, STN 1","COBBETTS POND-WALKEY RD","COBWINWR","WINDHAM"
"COBBETTS POND, STN 1","COBBETTS POND-ARMSTRONG","COBWINARM","WINDHAM"
"COBBETTS POND, STN 1","COBBETTS POND-MAIN INLET CASTLETON BROOK","COBWINI","WINDHAM"
"COBBETTS POND, STN 1","COBBETTS POND-CONNIES BROOK AT 111","COBWINCB111","WINDHAM"
"COBBETTS POND, STN 1","COBBETTS POND-HOLLOW GLENN BROOK","COBWINCB","WINDHAM"
"COBBETTS POND, STN 1","COBBETTS POND-MESS","COBWINMESS","WINDHAM"
"COBBETTS POND, STN 1","COBBETTS POND-COMMUNITY BEACH","COBWINCOM","WINDHAM"
"COBBETTS POND, STN 1","COBBETTS POND-OUTLET","COBWINO","WINDHAM"
"COBBETTS POND, STN 1","COBBETTS POND-TOWN BEACH","COBWINTB","WINDHAM"
"COBBETTS POND, STN 2","COBBETTS POND-STATION 2 DEEP SPOT","COBWINND","WINDHAM"
"COBBETTS POND, STN 1","COBBETTS POND-FOSSA RD INLET","COBWINFR","WINDHAM"
"SUNSET LAKE","SUNSET LAKE-DEEP SPOT","SUNALTD","ALTON"
"CONTOOCOOK LAKE","CONTOOCOOK LAKE-WALSH INLET","CONJAF7","JAFFREY"
"CONTOOCOOK LAKE","CONTOOCOOK LAKE-SQUANTUM INLET","CONJAF4","JAFFREY"
"CONTOOCOOK LAKE","CONTOOCOOK LAKE-TOWNLINE INLET","CONJAF6","JAFFREY"
"SUNRISE LAKE","SUNRISE LAKE-DEEP SPOT","SUNMIDD","MIDDLETON"
"SUNRISE LAKE","SUNRISE LAKE-PINKHAM COVE","SUNMIDPC","MIDDLETON"
"SUNRISE LAKE","SUNRISE LAKE-TANGLEWOOD BROOK","SUNMIDT","MIDDLETON"
"TOM POND","TOM POND-DEEP SPOT","TOMWRND","WARNER"
"TOM POND","TOM POND-INLET","TOMWRNI","WARNER"
"TOM POND","TOM POND-OUTLET","TOMWRNO","WARNER"
"WINNISQUAM, POT ISL.","LAKE WINNISQUAM POT ISLAND-DEEP SPOT","WINPLACD","LACONIA"
"PLEASANT LAKE","PLEASANT LAKE-DEEP SPOT","PLENWLD","NEW LONDON"
"HAWKINS POND","HAWKINS POND-DEEP SPOT","HAWCEND","CENTER HARBOR"
"HAWKINS POND","HAWKINS POND-BEAR POND INLET","HAWCENBPI","CENTER HARBOR"
"HAWKINS POND","HAWKINS POND-NORTHEAST INLET","HAWCENNI","CENTER HARBOR"
"ROUND POND","ROUND POND-DEEP SPOT","ROULMND","LYMAN"
"ROUND POND","ROUND POND-GRAVEL PIT","ROULMNGP","LYMAN"
"ROUND POND","ROUND POND-INLET","ROULMNI","LYMAN"
"ROUND POND","ROUND POND-OUTLET","ROULMNO","LYMAN"
"DODGE POND","DODGE POND-INLET","DODLMNI","LYMAN"
"DODGE POND","DODGE POND-OUTLET","DODLMNO","LYMAN"
"DODGE POND","DODGE POND-DEEP SPOT","DODLMND","LYMAN"
"PARTRIDGE LAKE","PARTRIDGE LAKE-DEEP SPOT","PARLTLD","LITTLETON"
"LAKE SKATUTAKEE","LAKE SKATUTAKEE-DEEP SPOT","SKAHARD","HARRISVILLE"
"SPECTACLE POND","SPECTACLE POND-DEEP SPOT","SPEGROVLAPD","GROTON"
"SILVER LAKE","SILVER LAKE-DEEP SPOT","SILHARD","HARRISVILLE"
"SILVER LAKE","SILVER LAKE-SUCKER BROOK","SILHARSB","HARRISVILLE"
"SILVER LAKE","SILVER LAKE-OUTLET IN STREAM","SILHARO","HARRISVILLE"
"POWWOW RIVER - POWWOW POND","POWWOW RIVER - POWWOW POND-OUTLET","POWKINO","KINGSTON"
"SPOFFORD LAKE","SPOFFORD LAKE-DEEP SPOT","SPOCHED","CHESTERFIELD"
"SPOFFORD LAKE","SPOFFORD LAKE-SEAMANS INLET","SPOCHES2","CHESTERFIELD"
"SPOFFORD LAKE","SPOFFORD LAKE-CLARKDALE PIPE","SPOCHECP","CHESTERFIELD"
"SPOFFORD LAKE","SPOFFORD LAKE-OUTLET","SPOCHEO","CHESTERFIELD"
"SPOFFORD LAKE","SPOFFORD LAKE-CAMP SPOFFORD INLET","SPOCHEC","CHESTERFIELD"
"SPOFFORD LAKE","SPOFFORD LAKE-WARES GROVE INLET","SPOCHEW","CHESTERFIELD"
"PRATT POND","PRATT POND-DEEP SPOT","PRANWID","NEW IPSWICH"
"THORNDIKE POND","THORNDIKE POND-DEEP SPOT","THOJAFD","JAFFREY"
"THORNDIKE POND","THORNDIKE POND-OUTLET","THOJAFO","JAFFREY"
"THORNDIKE POND","THORNDIKE POND-NORTH WEST INLET","THOJAFNW","JAFFREY"
"THORNDIKE POND","THORNDIKE POND-SOUTH WEST INLET","THOJAFSW","JAFFREY"
"LEDGE POND","LEDGE POND-DEEP SPOT","LEDSUND","SUNAPEE"
"LEDGE POND","LEDGE POND-INLET","LEDSUNI","SUNAPEE"
"WILD GOOSE POND","WILD GOOSE POND-DEEP SPOT","WILPFDD","PITTSFIELD"
"PLEASANT LAKE","PLEASANT LAKE-ROUTE 107 INLET","PLEDEE107","DEERFIELD"
"ANGLE POND","ANGLE POND-DEEP SPOT","ANGSDND","SANDOWN"
"BAPTIST POND","BAPTIST POND-DEEP SPOT","BAPSPRD","SPRINGFIELD"
"BAXTER LAKE","BAXTER LAKE-DEEP SPOT","BAXFARD","FARMINGTON"
"BLAISDELL LAKE","BLAISDELL LAKE-DEEP SPOT","BLASUTD","SUTTON"
"CONTENTION POND","CONTENTION POND-DEEP SPOT","CONHSBD","HILLSBOROUGH"
"CONNER POND","CONNER POND-DEEP SPOT","CONOSSD","OSSIPEE"
"COUNTRY POND","COUNTRY POND-DEEP SPOT","COUKIND","NEWTON"
"DORRS POND","DORRS POND-DEEP SPOT","DORMAND","MANCHESTER"
"FOREST LAKE","FOREST LAKE-DEEP SPOT","FORWCHD","WINCHESTER"
"GILMORE POND","GILMORE POND-DEEP SPOT","GILJAFD","JAFFREY"
"GRANITE LAKE","GRANITE LAKE-DEEP SPOT","GRASTDD","STODDARD"
"GREAT POND, NORTH","GREAT POND-NORTH DEEP SPOT","GRTKINND","KINGSTON"
"GREAT POND, SOUTH","GREAT POND-SOUTH DEEP SPOT","GRTKINSD","KINGSTON"
"ISLAND POND","BIG ISLAND POND-DEEP SPOT","ISLDERD","DERRY"
"ISLAND POND","ISLAND POND-INLET","ISLSTDI","STODDARD"
"CONTOOCOOK LAKE","CONTOOCOOK LAKE-RUE DESCHENES INLET","CONJAF5","JAFFREY"
"CRYSTAL LAKE","CRYSTAL LAKE-DEEP SPOT","CRYGLMD","GILMANTON"
"CRYSTAL LAKE","CRYSTAL LAKE-COVERED BRIDGE BROOK","CRYGLM1","GILMANTON"
"CRYSTAL LAKE","CRYSTAL LAKE-NATS BRIDGE BROOK (NELSON BROOK)","CRYGLM2","GILMANTON"
"CRYSTAL LAKE","CRYSTAL LAKE-THE BROOK","CRYGLM3","GILMANTON"
"CRYSTAL LAKE","CRYSTAL LAKE-WOOD BRIDGE BROOK","CRYGLM4","GILMANTON"
"CRYSTAL LAKE","CRYSTAL LAKE-OUTLET","CRYGLMO","GILMANTON"
"CLOUGH POND","CLOUGH POND-DEEP SPOT","CLOLOUD","LOUDON"
"CLOUGH POND","CLOUGH POND-INLET","CLOLOUI","LOUDON"
"CLOUGH POND","CLOUGH POND-OUTLET","CLOLOUO","LOUDON"
"COLD POND","COLD POND-DEEP SPOT","COLANDD","ANDOVER"
"CONTENTION POND","CONTENTION POND-NORTH INLET","CONHSBIN","HILLSBOROUGH"
"CONTENTION POND","CONTENTION POND-OUTLET","CONHSBO","HILLSBOROUGH"
"DUBLIN POND","DUBLIN POND-DEEP SPOT","DUBDUBD","DUBLIN"
"EMERSON POND","EMERSON POND-DEEP SPOT","EMERIND","RINDGE"
"GREGG LAKE","GREGG LAKE-WHITE BIRCH POINT","GREANTWBP","ANTRIM"
"ISLAND POND","ISLAND POND-BEACH","ISLWASBCH","WASHINGTON"
"LOON POND","LOON POND-DEEP SPOT","LOOGLMD","GILMANTON"
"LOON POND","LOON POND-BERTRAND BROOK","LOOGLMB","GILMANTON"
"SPECTACLE POND","SPECTACLE POND-BOAT LAUNCH","SPEGROBL","GROTON"
"SPECTACLE POND","SPECTACLE POND-CIRCLE CAMP","SPEGROCC","GROTON"
"MASSASECUM LAKE","LAKE MASSASECUM-DEEP SPOT","MASBRAD","BRADFORD"
"MASSASECUM LAKE","LAKE MASSASECUM-BABCOCK BROOK","MASBRAB","BRADFORD"
"MASSASECUM LAKE","LAKE MASSASECUM-COLBY BROOK","MASBRAC2","BRADFORD"
"MASSASECUM LAKE","LAKE MASSASECUM-DAVIS BROOK","MASBRADB","BRADFORD"
"MASSASECUM LAKE","LAKE MASSASECUM-HOWLETT BROOK","MASBRAH","BRADFORD"
"MASSASECUM LAKE","LAKE MASSASECUM-FRENCHES PARK BROOK","MASBRAF","BRADFORD"
"MASSASECUM LAKE","LAKE MASSASECUM-MELVIN BK OUTLET","MASBRAMO","BRADFORD"
"SEBBINS POND","SEBBINS POND-DEEP SPOT","SEBBEDD","BEDFORD"
"SEBBINS POND","SEBBINS POND-INLET COVE","SEBBEDB","BEDFORD"
"SEBBINS POND","SEBBINS POND-OUTLET","SEBBEDO","BEDFORD"
"LAUREL LAKE","LAUREL LAKE-DEEP SPOT","LAUFITD","FITZWILLIAM"
"WHITE OAK POND","WHITE OAK POND-DEEP SPOT","WHIHOLD","HOLDERNESS"
"WHITE OAK POND","WHITE OAK POND-#9 E HOLDERNESS RD TRIB","WHIHOL9","HOLDERNESS"
"WHITE OAK POND","WHITE OAK POND-#4 OUTLET (DAM)","WHIHOL4","HOLDERNESS"
"WHITE OAK POND","WHITE OAK POND-#3 DUMP INLET","WHIHOL3","HOLDERNESS"
"WHITE OAK POND","WHITE OAK POND-#6 STONE BRIDGE INLET","WHIHOL6","HOLDERNESS"
"NORWAY POND","NORWAY POND-DEEP SPOT","NORHAND","HANCOCK"
"NORWAY POND","NORWAY POND-MOOSE BROOK","NORHANM","HANCOCK"
"NORWAY POND","NORWAY POND-OUTLET","NORHANO","HANCOCK"
"ISLAND POND","ISLAND POND-OUTLET","ISLSTDO","STODDARD"
"ISLAND POND","ISLAND POND-VLAP DEEP SPOT","ISLSTDVLAPD","STODDARD"
"ISLAND POND","ISLAND POND-DEEP SPOT","ISLWASD","WASHINGTON"
"NUBANUSIT LAKE","NUBANUSIT LAKE-DEEP SPOT","NUBNELD","HANCOCK"
"NUTT POND","NUTT POND-DEEP SPOT","NUTMAND","MANCHESTER"
"ONWAY LAKE","ONWAY LAKE-DEEP SPOT","ONWRAYD","RAYMOND"
"PAWTUCKAWAY LAKE, SOUTH","PAWTUCKAWAY LAKE-SOUTH DEEP SPOT","PAWNOTSD","NOTTINGHAM"
"ROCKWOOD POND","ROCKWOOD POND-DEEP SPOT","ROCFITD","FITZWILLIAM"
"SILVER LAKE","SILVER LAKE-LEAD MINE INLET 1","SILHARL1","HARRISVILLE"
"SILVER LAKE","SILVER LAKE-SANDY BCH INLET 1","SILHARSB1","HARRISVILLE"
"LAKE SKATUTAKEE","LAKE SKATUTAKEE-GOOSE BROOK","SKAHARG","HARRISVILLE"
"LAKE SKATUTAKEE","LAKE SKATUTAKEE-OUTLET","SKAHARO","HARRISVILLE"
"LAKE SKATUTAKEE","LAKE SKATUTAKEE-SPRING BROOK","SKAHARS","HARRISVILLE"
"STEVENS POND","STEVENS POND-DEEP SPOT","STEMAND","MANCHESTER"
"STONE POND","STONE POND-DEEP SPOT","STOMARD","MARLBOROUGH"
"WILSON POND","WILSON POND-DEEP SPOT","WILSWAD","SWANZEY"
"WINNISQUAM, MOHAWK ISL.","LAKE WINNISQUAM MOHAWK ISL-DEEP SPOT","WINMBELD","BELMONT"
"LAKE WINONA","LAKE WINONA-DEEP SPOT","WINNWHD","CENTER HARBOR"
"WINNISQUAM, THREE ISL.","LAKE WINNISQUAM 3 ISLAND-DEEP SPOT","WINTLACD","LACONIA"
"GREGG LAKE","GREGG LAKE-INLET","GREANTI","ANTRIM"
"GREGG LAKE","GREGG LAKE-HATTIE BROWN BROOK","GREANTHBB","ANTRIM"
"GREGG LAKE","GREGG LAKE-OUTLET","GREANTO","ANTRIM"
"GREAT POND, SOUTH","GREAT POND-PARK RD","GRTKING","KINGSTON"
"GREAT POND, SOUTH","GREAT POND-KELLEY BROOK INLET","GRTKINK","KINGSTON"
"GREAT POND, SOUTH","GREAT POND-OUTLET","GRTKINO","KINGSTON"
"GREAT POND, SOUTH","GREAT POND-THAYER RD INLET","GRTKINT","KINGSTON"
"HALFMOON LAKE","HALFMOON LAKE-RT 28 INLET","HALALT28","ALTON"
"HALFMOON LAKE","HALFMOON LAKE-DEEP SPOT","HALALTD","ALTON"
"HALFMOON LAKE","HALFMOON LAKE-FERN HILL INLET","HALALTF","ALTON"
"HALFMOON LAKE","HALFMOON LAKE-HORSE FARM INLET","HALALTH","ALTON"
"HARRISVILLE POND","HARRISVILLE POND-CEMETERY INLET","HARHARC","HARRISVILLE"
"HARRISVILLE POND","HARRISVILLE POND-DEEP SPOT","HARHARD","HARRISVILLE"
"HARRISVILLE POND","HARRISVILLE POND-JANE DUNN INLET","HARHARJ","HARRISVILLE"
"HOTHOLE POND","HOTHOLE POND-DEEP SPOT","HOTLOUD","LOUDON"
"MIDDLE PEA PORRIDGE POND","MIDDLE PEA PORRIDGE POND-DEEP SPOT","PEAMMADD","MADISON"
"MIDDLE PEA PORRIDGE POND","MIDDLE PEA PORRIDGE POND-INLET","PEAMMADI","MADISON"
"MIDDLE PEA PORRIDGE POND","MIDDLE PEA PORRIDGE POND-OUTLET","PEAMMADO","MADISON"
"BIG PEA PORRIDGE POND","BIG PEA PORRIDGE POND-DEEP SPOT","PEABMADD","MADISON"
"BIG PEA PORRIDGE POND","BIG PEA PORRIDGE POND-MUDDY BEACH INLET","PEABMADM","MADISON"
"BIG PEA PORRIDGE POND","BIG PEA PORRIDGE POND-BIG ROCK INLET","PEABMADB","MADISON"
"BIG PEA PORRIDGE POND","BIG PEA PORRIDGE POND-OUTLET","PEABMADO","MADISON"
"NORTHWOOD LAKE","NORTHWOOD LAKE-STATION 1 DEEP SPOT","NORNORED","NORTHWOOD"
"NORTHWOOD LAKE","NORTHWOOD LAKE-RTE 4 E INLET","NORNOR2","NORTHWOOD"
"NORTHWOOD LAKE","NORTHWOOD LAKE-FLAT MEADOWS BROOK INLET","NORNOR3","NORTHWOOD"
"NORTHWOOD LAKE","NORTHWOOD LAKE-BRIDGE INLET","NORNOR4","NORTHWOOD"
"NORTHWOOD LAKE","NORTHWOOD LAKE-LOWER WTC INLET","NORNOR5","NORTHWOOD"
"NORTHWOOD LAKE","NORTHWOOD LAKE-RT 107 INLET (SLEEPY HOLLOW)","NORNOR9","NORTHWOOD"
"NORTHWOOD LAKE","NORTHWOOD LAKE-PLEASANT PD INLET (BAKER AVE)","NORNOR10","NORTHWOOD"
"NORTHWOOD LAKE","NORTHWOOD LAKE-HORSE FARM","NORNOR11","NORTHWOOD"
"NORTHWOOD LAKE","NORTHWOOD LAKE-OUTLET","NORNORO","NORTHWOOD"
"BAXTER LAKE","BAXTER LAKE-BEACH 1","BAXFARB1","FARMINGTON"
"BAXTER LAKE","BAXTER LAKE-BEACH 3","BAXFARB3","FARMINGTON"
"ISLAND POND","BIG ISLAND POND-CAMPGROUND INLET","ISLDERC","DERRY"
"MARTIN MEADOW POND","MARTIN MEADOW POND-DEEP SPOT","MARLAND","LANCASTER"
"MARTIN MEADOW POND","MARTIN MEADOW POND-INLET","MARLANI","LANCASTER"
"MARTIN MEADOW POND","MARTIN MEADOW POND-MCCARTEN","MARLANMC","LANCASTER"
"MARTIN MEADOW POND","MARTIN MEADOW POND-WEEKS","MARLANW","LANCASTER"
"MARTIN MEADOW POND","MARTIN MEADOW POND-OUTLET","MARLANO","LANCASTER"
"RUSSELL RESERVOIR","RUSSELL RESERVOIR-DEEP SPOT","RUSHARD","HARRISVILLE"
"RUSSELL RESERVOIR","RUSSELL RESERVOIR-INLET","RUSHARI","HARRISVILLE"
"RUSSELL RESERVOIR","RUSSELL RESERVOIR-OUTLET","RUSHARO","HARRISVILLE"
"PARTRIDGE LAKE","PARTRIDGE LAKE-INLET 1","PARLTL1","LITTLETON"
"PARTRIDGE LAKE","PARTRIDGE LAKE-INLET 6","PARLTL6","LITTLETON"
"PARTRIDGE LAKE","PARTRIDGE LAKE-INLET 10","PARLTL10","LITTLETON"
"LONG POND","LONG POND-DEEP SPOT","LONDVLD","DANVILLE"
"LONG POND","LONG POND-INLET","LONDVLI","DANVILLE"
"LONG POND","LONG POND-PINE ST INLET","LONDVLPI","DANVILLE"
"LONG POND","LONG POND-OUTLET","LONDVLO","DANVILLE"
"NEW POND","NEW POND-DEEP SPOT","NEWCNTD","CANTERBURY"
"NEW POND","NEW POND-SHAKER RD","NEWCNTSR","CANTERBURY"
"PEARLY LAKE","PEARLY LAKE-DEEP SPOT","PEARIND","RINDGE"
"PEARLY LAKE","PEARLY LAKE-MOUNTAIN RD","PEARINM","RINDGE"
"PEARLY LAKE","PEARLY LAKE-COLLEGE RD INLET","PEARINC","RINDGE"
"PEARLY LAKE","PEARLY LAKE-OUTLET","PEARINO","RINDGE"
"ISLAND POND","BIG ISLAND POND-DREW INLET","ISLDERDI","DERRY"
"ISLAND POND","BIG ISLAND POND-TAYLOR BROOK","ISLDERT","DERRY"
"LOWER BEECH POND","LOWER BEECH POND-DEEP SPOT","BEELTUFD","TUFTONBORO"
"STINSON LAKE","STINSON LAKE-DEEP SPOT","STIRUMD","RUMNEY"
"WAUKEENA LAKE","WAUKEENA LAKE-DEEP SPOT","WAUDAND","DANBURY"
"WAUKEENA LAKE","WAUKEENA LAKE-OUTLET","WAUDANO","DANBURY"
"LOWER MOUNTAIN LAKE","NORTH MOUNTAIN LAKE-DEEP SPOT","NMOUHAVD","HAVERHILL"
"UPPER MOUNTAIN LAKE","SOUTH MOUNTAIN LAKE-DEEP SPOT","MOUSHAVD","HAVERHILL"
"UPPER MOUNTAIN LAKE","SOUTH MOUNTAIN LAKE-COVE","MOUSHAVC","HAVERHILL"
"MILLEN POND","MILLEN POND-DEEP SPOT","MLNWASD","WASHINGTON"
"LONG POND","LONG POND-NH DEEP SPOT","LONPELNHD","PELHAM"
"ROCKY POND","ROCKY POND-OUTLET","ROCHLSO","HOLLIS"
"ROCKY POND","ROCKY POND-VLAP DEEP SPOT","ROCHLSVLAPD","HOLLIS"
"GOVERNORS LAKE","GOVERNORS LAKE-DEEP SPOT","GOVRAYD","RAYMOND"
"GOVERNORS LAKE","GOVERNORS LAKE-OUTLET","GOVRAYO","RAYMOND"
"DORRS POND","DORRS POND-LESSARD INLET","DORMANI","MANCHESTER"
"DORRS POND","DORRS POND-E II INLET","DORMANE","MANCHESTER"
"DORRS POND","DORRS POND-JUNIPER ST INLET","DORMANJ","MANCHESTER"
"DORRS POND","DORRS POND-OUTLET","DORMANO","MANCHESTER"
"STEVENS POND","STEVENS POND-OUTLET","STEMANO","MANCHESTER"
"NUTT POND","NUTT POND-OUTLET","NUTMANO","MANCHESTER"
"NUTT POND","NUTT POND-INLET","NUTMANI2","MANCHESTER"
"COBBETTS POND, STN 1","COBBETTS POND-DINSMORE WEST","COBWINDW","WINDHAM"
"ASHUELOT POND","ASHUELOT POND-DEEP SPOT","ASHWASD","WASHINGTON"
"WILSON POND","WILSON POND-INLET","WILSWAI","SWANZEY"
"WILSON POND","WILSON POND-SOUTH INLET","WILSWASI","SWANZEY"
"WALKER POND","WALKER POND-DEEP SPOT","WALBOSD","BOSCAWEN"
"BEAVER LAKE","BEAVER LAKE-DEEP SPOT","BEADERD","DERRY"
"PEARLY LAKE","PEARLY POND-BOWER INLET UPSTREAM","PEARINBIU","RINDGE"
"LEES POND","LEES POND-DEEP SPOT","LEEMOUD","MOULTONBOROUGH"
"LEES POND","LEES POND-INLET","LEEMOUI","MOULTONBOROUGH"
"LEES POND","LEES POND-OUTLET","LEEMOUO","MOULTONBOROUGH"
"BEARCAMP POND","BEARCAMP POND-DEEP SPOT","BEASWHD","SANDWICH"
"BEARCAMP POND","BEARCAMP POND-INLET","BEASWHI","SANDWICH"
"BEARCAMP POND","BEARCAMP POND-PREINLET","BEASWHPI","SANDWICH"
"BEARCAMP POND","BEARCAMP POND-OUTLET","BEASWHO","SANDWICH"
"PLEASANT POND","PLEASANT POND-DEEP SPOT","PLEFRSD","FRANCESTOWN"
"HILLS POND","HILLS POND-MAIN BEACH","HILALTMB","ALTON"
"SUNSET LAKE","SUNSET LAKE-BEACH 4","SUNALTB4","ALTON"
"NORTHWOOD LAKE","NORTHWOOD LAKE-LYNN GROVE INLET","NORNORLG","NORTHWOOD"
"ASHUELOT POND","ASHUELOT POND-MARINA INLET","ASHWASMA","WASHINGTON"
"ASHUELOT POND","ASHUELOT POND-MILLEN INLET","ASHWASMI","WASHINGTON"
"ASHUELOT POND","ASHUELOT POND-RIVER INLET","ASHWASRI","WASHINGTON"
"ASHUELOT POND","ASHUELOT POND-OUTLET","ASHWASO","WASHINGTON"
"DEERING RESERVOIR","DEERING RESERVOIR-DEEP SPOT","DEEDRGD","DEERING"
"FOREST LAKE","FOREST LAKE-NORTH INLET","FORDAL1","DALTON"
"FOREST LAKE","FOREST LAKE-SUNDMAN COTTAGE","FORDALSC","DALTON"
"FOREST LAKE","FOREST LAKE-ASTLE COTTAGE","FORDALWC1","DALTON"
"FOREST LAKE","FOREST LAKE-STATE BEACH BROOK","FORDAL2","DALTON"
"WAUKEWAN, LAKE MAYO","LAKE WAUKEWAN-PERKINS COVE","WAUMERP","MEREDITH"
"WAUKEWAN, LAKE MAYO","LAKE WAUKEWAN-OUTLET","WAUMERO","MEREDITH"
"WAUKEWAN, LAKE MAYO","LAKE WAUKEWAN-INLET","WAUMERI","MEREDITH"
"PRATT POND","PRATT POND-SOUTH INLET","PRANWISI","NEW IPSWICH"
"WILSON POND","WILSON POND-OUTLET","WILSWAO","SWANZEY"
"RUST POND","RUST POND-DEEP SPOT","RUSWOLD","WOLFEBORO"
"RUST POND","RUST POND-NORTH END INLET","RUSWOLN","WOLFEBORO"
"RUST POND","RUST POND-PERRY BROOK","RUSWOLP","WOLFEBORO"
"RUST POND","RUST POND-OUTLET","RUSWOLO","WOLFEBORO"
"WAUKEWAN, LAKE MAYO","LAKE WAUKEWAN-MAYO STATION N DEEP SPOT","WAUMERMD","MEREDITH"
"WAUKEWAN, LAKE WINONA","LAKE WAUKEWAN-WINONA STATION S DEEP SPOT","WAUMERWD","MEREDITH"
"LAKE WINONA","LAKE WINONA-HAWKINS POND INLET","WINNWHI6","CENTER HARBOR"
"LAKE WINONA","LAKE WINONA-HEIGHTS BROOK INLET","WINNWHI1","CENTER HARBOR"
"LAKE WINONA","LAKE WINONA-NORTH INLET","WINNWHI4","CENTER HARBOR"
"LAKE WINONA","LAKE WINONA-YORK BROOK","WINNWHY","CENTER HARBOR"
"LAKE WINONA","LAKE WINONA-OUTLET","WINNWHO","CENTER HARBOR"
"BEAVER LAKE","BEAVER LAKE-CAT O BROOK","BEADERC","DERRY"
"BEAVER LAKE","BEAVER LAKE-MANTER BROOK","BEADERM","DERRY"
"PLEASANT POND","PLEASANT POND-DAM OUTLET","PLEFRSO","FRANCESTOWN"
"DEERING RESERVOIR","DEERING RESERVOIR-MOROTTA INLET","DEEDRGM","DEERING"
"DEERING RESERVOIR","DEERING RESERVOIR-MAIN INLET","DEEDRGI","DEERING"
"DEERING RESERVOIR","DEERING RESERVOIR-ZOWSKI INLET","DEEDRGZ","DEERING"
"DEERING RESERVOIR","DEERING RESERVOIR-OUTLET","DEEDRGO","DEERING"
"CRYSTAL LAKE","CRYSTAL LAKE-DEEP SPOT","CRYMAND","MANCHESTER"
"STINSON LAKE","STINSON LAKE-OUTLET IN STREAM","STIRUMO","RUMNEY"
"AYERS POND","AYERS POND-DEEP SPOT","AYEBARD","BARRINGTON"
"AYERS POND","AYERS POND-OUTLET","AYEBARO","BARRINGTON"
"PEMIGEWASSET LAKE","PEMIGEWASSET LAKE-INLET 2","PEMMERI2","MEREDITH"
"PEMIGEWASSET LAKE","PEMIGEWASSET LAKE-OUTLET","PEMMERO","MEREDITH"
"GOVERNORS LAKE","GOVERNORS LAKE-INLET","GOVRAYI","RAYMOND"
"KOLELEMOOK LAKE","KOLELEMOOK LAKE-DEEP SPOT","KOLSPRD","SPRINGFIELD"
"LEDGE POND","LEDGE POND-OUTLET","LEDSUNO","SUNAPEE"
"CHALK POND","CHALK POND-DEEP SPOT","CHANBYD","NEWBURY"
"CHALK POND","CHALK POND-INLET","CHANBYI","NEWBURY"
"CHALK POND","CHALK POND-OUTLET","CHANBYO","NEWBURY"
"BLAISDELL LAKE","BLAISDELL LAKE-BILLINGS POND","BLASUTBP","SUTTON"
"BLAISDELL LAKE","BLAISDELL LAKE-RUSSELL POND","BLASUTRP","SUTTON"
"CHASE POND","CHASE POND-DEEP SPOT","CHAWLMD","WILMOT"
"SPECTACLE POND","SPECTACLE POND-VLAP DEEP SPOT","SPEENFD2","ENFIELD"
"STINSON LAKE","STINSON LAKE-COLLINS BROOK","STIRUMCB","RUMNEY"
"STINSON LAKE","STINSON LAKE-SUCKER BROOK","STIRUMS","RUMNEY"
"PAWTUCKAWAY LAKE, NORTH","PAWTUCKAWAY LAKE-NORTH DEEP SPOT","PAWNOTND","NOTTINGHAM"
"SWANZEY LAKE","SWANZEY LAKE-PINE INLET A","SWASWAIA","SWANZEY"
"SWANZEY LAKE","SWANZEY LAKE-PINE INLET B","SWASWAIB","SWANZEY"
"KEZAR LAKE","KEZAR LAKE-DEEP SPOT","KEZSUTD","SUTTON"
"BAPTIST POND","BAPTIST POND-MCALVIN BROOK","BAPSPRMB","SPRINGFIELD"
"BAPTIST POND","BAPTIST POND-STONEY BROOK INLET","BAPSPRSB","SPRINGFIELD"
"BAPTIST POND","BAPTIST POND-OUTLET","BAPSPRO","SPRINGFIELD"
"PARTRIDGE LAKE","PARTRIDGE LAKE-OUTLET","PARLTLO","LITTLETON"
"DUBLIN POND","DUBLIN POND-BOAT LANDING","DUBDUBBL","DUBLIN"
"DUBLIN POND","DUBLIN POND-DUBLIN LAKE CLUB","DUBDUBDLC","DUBLIN"
"DUBLIN POND","DUBLIN POND-WOMENS CLUB","DUBDUBWC","DUBLIN"
"KEZAR LAKE","KEZAR LAKE-OUTLET","KEZSUTO","SUTTON"
"SPECTACLE POND","SPECTACLE POND-MOOSE BROOK","SPEENFM","ENFIELD"
"SPECTACLE POND","SPECTACLE POND-OUTLET","SPEENFO","ENFIELD"
"SPECTACLE POND","SPECTACLE POND-PUMP","SPEENFP","ENFIELD"
"LOWER BEECH POND","LOWER BEECH POND-INLET","BEELTUFI","TUFTONBORO"
"LOWER BEECH POND","LOWER BEECH POND-OUTLET","BEELTUFO","TUFTONBORO"
"LOWER BEECH POND","LOWER BEECH POND-FIRST BEACH","BEELTUFB1","TUFTONBORO"
"LOWER BEECH POND","LOWER BEECH POND-SECOND BEACH","BEELTUFB2","TUFTONBORO"
"HOWE RESERVOIR","HOWE RESERVOIR-DEEP SPOT","HOWDUBD","DUBLIN"
"STINSON LAKE","STINSON LAKE-CROSS RD BROOK","STIRUMCR","RUMNEY"
"HOWE RESERVOIR","HOWE RESERVOIR-CHARCOAL BROOK INLET","HOWDUBCBI","DUBLIN"
"HOWE RESERVOIR","HOWE RESEROVIR-WIGHT POND INLET","HOWDUBWPI","DUBLIN"
"PAWTUCKAWAY LAKE, NORTH","PAWTUCKAWAY LAKE-FUNDY BROOK","PAWNNOTF2","NOTTINGHAM"
"HIGHLAND LAKE, NORTH","HIGHLAND LAKE-BARDEN POND BROOK","HIGSTDB","STODDARD"
"HIGHLAND LAKE, NORTH","HIGHLAND LAKE-CARR BROOK","HIGSTDC","STODDARD"
"HIGHLAND LAKE, NORTH","HIGHLAND LAKE-DEAD BROOK","HIGSTDDB","STODDARD"
"HIGHLAND LAKE, NORTH","HIGHLAND LAKE-KENNEDY BROOK","HIGSTDK","STODDARD"
"HIGHLAND LAKE, NORTH","HIGHLAND LAKE-NORTH INLET","HIGSTDN","STODDARD"
"HIGHLAND LAKE, NORTH","HIGHLAND LAKE-PICKEREL COVE 2","HIGSTDPC2","STODDARD"
"HIGHLAND LAKE, NORTH","HIGHLAND LAKE-RICE BROOK","HIGSTDR","STODDARD"
"GRANITE LAKE","GRANITE LAKE-INLET","GRASTDI","STODDARD"
"GRANITE LAKE","GRANITE LAKE-NORTH SHORE END","GRASTDNSE","STODDARD"
"GRANITE LAKE","GRANITE LAKE-OUTLET IN STREAM","GRASTDO","STODDARD"
"WARREN LAKE","WARREN LAKE-DEEP SPOT","WARALSD","ALSTEAD"
"WARREN LAKE","WARREN LAKE-PICKEREL COVE BROOK","WARALSP","ALSTEAD"
"WARREN LAKE","WARREN LAKE-COLBURN HILL BROOK","WARALSCH","ALSTEAD"
"WARREN LAKE","WARREN LAKE-DAM BROOK","WARALSDB","ALSTEAD"
"WARREN LAKE","WARREN LAKE-CARMEN COVE BROOK","WARALSCC","ALSTEAD"
"WARREN LAKE","WARREN LAKE-SPRUCE RIVER","WARALSSR","ALSTEAD"
"WARREN LAKE","WARREN LAKE-SMITH HILL BROOK","WARALSS1","ALSTEAD"
"POWWOW RIVER - POWWOW POND","POWWOW RIVER - POWWOW POND-RTE 125 INLET","POWKIN125","KINGSTON"
"ASHUELOT POND","ASHUELOT POND-LAE BEACH SHALLOW","ASHWASBS","WASHINGTON"
"BAXTER LAKE","BAXTER LAKE-DINNEEN BROOK","BAXFARDB","FARMINGTON"
"BAXTER LAKE","BAXTER LAKE-OUTLET","BAXFARO","FARMINGTON"
"COBBETTS POND, STN 1","COBBETTS POND-BELLA VISTA","COBWINBV","WINDHAM"
"WHITE OAK POND","WHITE OAK POND-#3 DUMP TRIB","WHIHOL3T","HOLDERNESS"
"ANGLE POND","ANGLE POND-SAYRE INLET","ANGSDNSYI","SANDOWN"
"WICWAS LAKE","WICWAS LAKE-RTE 104 INLET","WICMERI","MEREDITH"
"POST POND","POST POND-TROUT BROOK","POSLYMT","LYME"
"LOON POND","LOON POND-VARNEY BROOK","LOOGLMV","GILMANTON"
"LOON POND","LOON POND-GARDNER COVE INLET","LOOGLMGC","GILMANTON"
"ROCK POND","ROCK POND-DEEP SPOT","ROCWIND","WINDHAM"
"ROCK POND","ROCK POND-INLET","ROCWINI","WINDHAM"
"ROCK POND","ROCK POND-OUTLET","ROCWINO","WINDHAM"
"BLAISDELL LAKE","BLAISDELL LAKE-BROWN INLET","BLASUTB1","SUTTON"
"BLAISDELL LAKE","BLAISDELL LAKE-RUSSELL INLET","BLASUTR","SUTTON"
"BLAISDELL LAKE","BLAISDELL LAKE-OUTLET","BLASUTO","SUTTON"
"KOLELEMOOK LAKE","KOLELEMOOK LAKE-SANDY BEACH","KOLSPRSB","SPRINGFIELD"
"WEBSTER LAKE","WEBSTER LAKE-DEEP SPOT","WEBFRKD","FRANKLIN"
"HAUNTED LAKE","HAUNTED LAKE-DEEP SPOT","HAUFRSD","FRANCESTOWN"
"CAPTAIN POND","CAPTAINS POND-BUZZELL COVE","CAPSALBC","SALEM"
"CAPTAIN POND","CAPTAINS POND-OUTLET","CAPSALO","SALEM"
"CAPTAIN POND","CAPTAINS POND-INLET","CAPSALI","SALEM"
"SUNRISE LAKE","SUNRISE LAKE-BARTLETTS COVE","SUNMIDBC","MIDDLETON"
"SUNRISE LAKE","SUNRISE LAKE-HAMPSHIRE BROOK","SUNMIDH","MIDDLETON"
"SUNRISE LAKE","SUNRISE LAKE-HAMPSHIRE SHORES","SUNMIDHS","MIDDLETON"
"SUNRISE LAKE","SUNRISE LAKE-MAIN BEACH","SUNMIDMB","MIDDLETON"
"SUNRISE LAKE","SUNRISE LAKE-NICOLA BEACH","SUNMIDNB","MIDDLETON"
"WICWAS LAKE","WICWAS LAKE-WEST COVE","WICMER2","MEREDITH"
"WICWAS LAKE","WICWAS LAKE-EAST COVE","WICMEREC","MEREDITH"
"MESSER POND","MESSER POND-BROWN INLET","MESNWLB","NEW LONDON"
"MESSER POND","MESSER POND-NUTTER INLET","MESNWLN","NEW LONDON"
"POOL POND","POOL POND-DEEP SPOT","POORIND","RINDGE"
"POOL POND","POOL POND-OUTLET","POORINO","RINDGE"
"PAWTUCKAWAY LAKE, NORTH","PAWTUCKAWAY LAKE-MOUNTAIN BROOK","PAWSNOTM","NOTTINGHAM"
"PAWTUCKAWAY LAKE, NORTH","PAWTUCKAWAY LAKE-WHITE GROVE BROOK","PAWNNOTW","NOTTINGHAM"
"PAWTUCKAWAY LAKE, NORTH","PAWTUCKAWAY LAKE-FERNALDS A","PAWNNOTF1","NOTTINGHAM"
"PAWTUCKAWAY LAKE, NORTH","PAWTUCKAWAY LAKE-BACK CREEK B","PAWNNOTB","NOTTINGHAM"
"PAWTUCKAWAY LAKE, NORTH","PAWTUCKAWAY LAKE-ROUND PD BROOK","PAWNNOTR","NOTTINGHAM"
"CHESTNUT POND","CHESTNUT POND-DEEP SPOT","CHEEPSD","EPSOM"
"WEBSTER LAKE","WEBSTER LAKE-LAKE AVE TRIB","WEBFRKL","FRANKLIN"
"WEBSTER LAKE","WEBSTER LAKE-RTE 11 INLET","WEBFRK11","FRANKLIN"
"WEBSTER LAKE","WEBSTER LAKE-SUCKER BROOK","WEBFRKS","FRANKLIN"
"LONG POND","LONG POND-PUBLIC BEACH","LONLEMPB","LEMPSTER"
"ONWAY LAKE","ONWAY LAKE-ISLAND ROAD","ONWRAYIR","RAYMOND"
"ONWAY LAKE","ONWAY LAKE-SANDY COVE","ONWRAYSA","RAYMOND"
"ONWAY LAKE","ONWAY LAKE-SEANNIKKI","ONWRAYSE","RAYMOND"
"LAKE WINNEPOCKET","LAKE WINNEPOCKET-BOXLET INLET","WINWEBB","WEBSTER"
"LAKE WINNEPOCKET","LAKE WINNEPOCKET-DEEP SPOT","WINWEBD","WEBSTER"
"LAKE WINNEPOCKET","LAKE WINNEPOCKET-END OF LAKE INLET","WINWEBEI","WEBSTER"
"CHESTNUT POND","CHESTNUT POND-OUTLET","CHEEPSO","EPSOM"
"ARMINGTON LAKE","ARMINGTON LAKE-5","ARMPIE5","PIERMONT"
"HAUNTED LAKE","HAUNTED LAKE-INLET","HAUFRSI","FRANCESTOWN"
"HAUNTED LAKE","HAUNTED LAKE-OUTLET","HAUFRSO","FRANCESTOWN"
"LONG POND","LONG POND-DEEP SPOT","LONLEMD","LEMPSTER"
"LOON POND","LOON POND-OUTLET IN STREAM","LOOGLMO","GILMANTON"
"PAWTUCKAWAY LAKE, NORTH","PAWTUCKAWAY LAKE-#09 FERNALDS B","PAWNNOTF3","NOTTINGHAM"
"JACKMAN RESERVOIR","FRANKLIN PIERCE LAKE-DEEP SPOT","FRAHSBD","HILLSBOROUGH"
"JACKMAN RESERVOIR","FRANKLIN PIERCE LAKE-NORTH BRANCH","FRAHSBNB","HILLSBOROUGH"
"ANGLE POND","ANGLE POND-WEST INLET","ANGSDNWI","SANDOWN"
"ANGLE POND","ANGLE POND-OUTLET","ANGSDNO","SANDOWN"
"HILLS POND","HILLS POND-DEEP SPOT","HILALTD","ALTON"
"BEAVER LAKE","BEAVER LAKE-CAT-O-BK AT BEAVER RD","BEADERCAB","DERRY"
"BEAVER LAKE","BEAVER LAKE-JENNY DICKEY BROOK","BEADERJ","DERRY"
"COUNTRY POND","COUNTRY POND-SOUTH INLET","COUKINNS","NEWTON"
"LAKE MONOMONAC","LAKE MONOMONAC-STATION A DEEP SPOT","MONRINAD","RINDGE"
"SAWYER LAKE","SAWYER LAKE-DEEP SPOT","SAWGLMD","GILMANTON"
"WHITE OAK POND","WHITE OAK POND-#2 LAMB SWAMP INLET","WHIHOL2","HOLDERNESS"
"SAWYER LAKE","SAWYER LAKE-UNNAMED TRIB 1","SAWGLMI1","GILMANTON"
"SAWYER LAKE","SAWYER LAKE-BADGER BROOK","SAWGLMI2","GILMANTON"
"SAWYER LAKE","SAWYER LAKE-OUTLET","SAWGLMO","GILMANTON"
"MIDDLE PEA PORRIDGE POND","MIDDLE PEA PORRIDGE POND-BOULDER BCH","PEAMMADBB","MADISON"
"MIDDLE PEA PORRIDGE POND","MIDDLE PEA PORRIDGE POND-EIDELWEISS BCH","PEAMMADEB","MADISON"
"MIDDLE PEA PORRIDGE POND","MIDDLE PEA PORRIDGE POND-GENEVA BCH","PEAMMADGB","MADISON"
"BIG PEA PORRIDGE POND","BIG PEA PORRIDGE POND-SHORE BEACH","PEABMADSB","MADISON"
"BIG PEA PORRIDGE POND","BIG PEA PORRIDGE POND-THUSIS BEACH","PEABMADT","MADISON"
"LAKE MONOMONAC","LAKE MONOMONAC-MARINA INLET","MONRINM","RINDGE"
"LAKE MONOMONAC","LAKE MONOMONAC-CONVERSE INLET","MONRINC2","RINDGE"
"LAKE MONOMONAC","LAKE MONOMONAC-SWAN POINT INLET","MONRINSP","RINDGE"
"LAKE MONOMONAC","LAKE MONOMONAC-DAPKAS INLET","MONRIND","RINDGE"
"LAKE MONOMONAC","LAKE MONOMONAC-STATE LINE INLET","MONRINSL","RINDGE"
"LAKE MONOMONAC","LAKE MONOMONAC-STATE LINE INTERMITTENT STREAM","MONRINSLINT","RINDGE"
"ARMINGTON LAKE","ARMINGTON LAKE-INLET","ARMPIEI","PIERMONT"
"ARMINGTON LAKE","ARMINGTON LAKE-OUTLET","ARMPIEO","PIERMONT"
"SPOFFORD LAKE","SPOFFORD LAKE-LACHANCE INLET","SPOCHEL","CHESTERFIELD"
"SPOFFORD LAKE","SPOFFORD LAKE-MOOSE HOLLOW INLET","SPOCHEMH","CHESTERFIELD"
"COUNTRY POND","COUNTRY POND-OUTLET","COUKINO","KINGSTON"
"COUNTRY POND","COUNTRY POND-NORTHWEST INLET","COUKINNWI","KINGSTON"
"SILVER LAKE","SILVER LAKE-EASTSIDE INLET","SILHARE","HARRISVILLE"
"SILVER LAKE","SILVER LAKE-LEAD MINE INLET 2","SILHARL2","HARRISVILLE"
"WEBSTER LAKE","WEBSTER LAKE-GAGNES BROOK","WEBFRKG","FRANKLIN"
"HALFMOON LAKE","HALFMOON LAKE-BOYS CAMP","HALALTB","ALTON"
"HALFMOON LAKE","HALFMOON LAKE-HOLLYWOOD BEACH","HALALTHWB","ALTON"
"HALFMOON LAKE","HALFMOON LAKE-PUBLIC BEACH","HALALTPUB","ALTON"
"HALFMOON LAKE","HALFMOON LAKE-RUSTIC SHORES","HALALTR","ALTON"
"BEARDS BROOK - EAST WASHINGTON DAM","MILL POND/BEARDS BROOK-DEEP SPOT","MLLEWASD","WASHINGTON"
"BEARDS BROOK - EAST WASHINGTON DAM","MILL POND/BEARDS BROOK-ISLAND POND INLET","MLLEWASI","WASHINGTON"
"BEARDS BROOK - EAST WASHINGTON DAM","MILL POND/BEARDS BROOK-WOODWARD BROOK","MLLEWASW","WASHINGTON"
"BEARDS BROOK - EAST WASHINGTON DAM","MILL POND/BEARDS BROOK-OUTLET","MLLEWASO","WASHINGTON"
"GOVERNORS LAKE","GOVERNORS LAKE-TWIN BCH INLET","GOVRAYT","RAYMOND"
"GREGG LAKE","GREGG LAKE-CASTOR LANE","GREANTCL","ANTRIM"
"GREGG LAKE","GREGG LAKE-CRAIG RD BRIDGE","GREANTCRB","ANTRIM"
"GREGG LAKE","GREGG LAKE-HATTIE BROWN RD","GREANTHBR","ANTRIM"
"TUREE POND","TUREE POND-FIREHOUSE POND INLET","TURBOWFPI","BOW"
"BOW FIRE POND DAM","TUREE POND-FIREHOUSE POND OUTLET","TURBOWFPO","BOW"
"TUREE POND","TUREE POND-WHITE ROCK HILL RD CULVERT","TURBOWWRC","BOW"
"HILLS POND","HILLS POND-EAST INLET","HILALTE","ALTON"
"HILLS POND","HILLS POND-OUTLET","HILALTO","ALTON"
"LOON LAKE","LOON LAKE-OUTLET IN STREAM","LOOPLYO","PLYMOUTH"
"LOON LAKE","LOON LAKE-MILL BROOK INLET","LOOPLYI2","PLYMOUTH"
"LOON LAKE","LOON LAKE-GARGAZ INLET","LOOPLYI1","PLYMOUTH"
"NUBANUSIT LAKE","NUBANUSIT LAKE-HANCOCK LANDING","NUBNELH","HANCOCK"
"NUBANUSIT LAKE","NUBANUSIT LAKE-OUTLET IN STREAM","NUBNELO","HANCOCK"
"NUBANUSIT LAKE","NUBANUSIT LAKE-DALOZ COVE","NUBNELDC","HANCOCK"
"DUTCHMAN POND","DUTCHMAN POND-DEEP SPOT","DUTSPRD","SPRINGFIELD"
"AYERS POND","AYERS POND-INLET","AYEBARI","BARRINGTON"
"TUCKER POND","TUCKER POND-INLET #2 LOGGING","TUCSBYL","SALISBURY"
"LONG POND","LONG POND-BACK COVE","LONLEMB","LEMPSTER"
"LAUREL LAKE","LAUREL LAKE-KEENE AVE TRIB","LAUFITK","FITZWILLIAM"
"LOWER SUNCOOK POND","LOWER SUNCOOK POND-NARROWS RD INLET","SUNLBRNNR","BARNSTEAD"
"LOWER SUNCOOK POND","LOWER SUNCOOK POND-OUTLET","SUNLBRNO","BARNSTEAD"
"LOWER SUNCOOK POND","LOWER SUNCOOK POND-DEEP SPOT","SUNLBRND","BARNSTEAD"
"UPPER SUNCOOK POND","UPPER SUNCOOK POND-DEEP SPOT","SUNUBRND","BARNSTEAD"
"UPPER SUNCOOK POND","UPPER SUNCOOK POND-PUBLIC BCH INLET","SUNUBRNP","BARNSTEAD"
"UPPER SUNCOOK POND","UPPER SUNCOOK POND-SUNCOOK R INLET","SUNUBRNSR","BARNSTEAD"
"CHASE POND","CHASE POND-INLET","CHAWLMI","WILMOT"
"LONG POND","LONG POND-DEEP SPOT","LONNORD","NORTHWOOD"
"DUNCAN LAKE","DUNCAN LAKE-DEEP SPOT","DUNOSSD","OSSIPEE"
"DUNCAN LAKE","DUNCAN LAKE-INLET","DUNOSSI","OSSIPEE"
"SUNSET LAKE","SUNSET LAKE-OUTLET","SUNALTO","ALTON"
"HILLS POND","HILLS POND-SOUTH INLET","HILALTS","ALTON"
"HILLS POND","HILLS POND-NORTH INLET","HILALTN","ALTON"
"FOREST LAKE","FOREST LAKE-DEEP SPOT","FORDALD","DALTON"
"BAXTER LAKE","BAXTER LAKE-CRUZE BROOK","BAXFARCB","FARMINGTON"
"POST POND","POST POND-DEEP SPOT","POSLYMD","LYME"
"POST POND","POST POND-CLAY BROOK OUTLET","POSLYMC","LYME"
"ROCK POND","ROCK POND-IVERS BROOK","ROCWINIB","WINDHAM"
"WICWAS LAKE","WICWAS LAKE-DEEP SPOT","WICMERD","MEREDITH"
"WICWAS LAKE","WICWAS LAKE-OUTLET","WICMERO","MEREDITH"
"FLINTS POND","FLINTS POND-DEVLIN BEACH","FLIHLSDB","HOLLIS"
"JENNESS POND","JENNESS POND-THURBER BROOK","JENNORT","NORTHWOOD"
"JENNESS POND","JENNESS POND-DEEP SPOT","JENNORD","NORTHWOOD"
"LAUREL LAKE","LAUREL LAKE-NORTH BEACH","LAUFITN","FITZWILLIAM"
"LAUREL LAKE","LAUREL LAKE-SWIM CLUB","LAUFITSC","FITZWILLIAM"
"LAUREL LAKE","LAUREL LAKE-SOUTH BEACH","LAUFITS2","FITZWILLIAM"
"MASSASECUM LAKE","LAKE MASSASECUM-DAVIS BROOK #2","MASBRADB2","BRADFORD"
"POOL POND","POOL POND-MOUNTAIN RD INLET","POORINM","RINDGE"
"FOREST LAKE","FOREST LAKE-SANDY POINT INLET","FORWCHS","WINCHESTER"
"FOREST LAKE","FOREST LAKE-OUTLET","FORWCHO","WINCHESTER"
"FOREST LAKE","FOREST LAKE-CAMPGROUND INLET","FORWCHC","WINCHESTER"
"SPOFFORD LAKE","SPOFFORD LAKE-SPOFFORD HALL PIPE","SPOCHESHP","CHESTERFIELD"
"WARREN LAKE","WARREN LAKE-BOAT LANDING","WARALSBL","ALSTEAD"
"ISLAND POND","ISLAND POND-TOWN BEACH","ISLSTDTB","STODDARD"
"UPPER MOUNTAIN LAKE","SOUTH MOUNTAIN LAKE-MONTEAU INLET","MOUSHAVM","HAVERHILL"
"LOWER MOUNTAIN LAKE","NORTH MOUNTAIN LAKE-OUTLET","NMOUHAVO","HAVERHILL"
"HARRISVILLE POND","HARRISVILLE POND-LIBRARY OUTLET","HARHARO","HARRISVILLE"
"ISLAND POND","ISLAND POND-JOURNEYS END INLET","ISLWASI3","WASHINGTON"
"ISLAND POND","ISLAND POND-DAM OUTLET","ISLWASO","WASHINGTON"
"ROCKWOOD POND","ROCKWOOD POND-TOMMILA INLET","ROCFITT","FITZWILLIAM"
"ISLAND POND","ISLAND POND-BODNARS COVE","ISLWASBC","WASHINGTON"
"ROCKWOOD POND","ROCKWOOD POND-HOLMAN INLET","ROCFITH","FITZWILLIAM"
"ROCKWOOD POND","ROCKWOOD POND-LITTLE ROCK INLET","ROCFITL","FITZWILLIAM"
"ISLAND POND","ISLAND POND-BOATHOUSE INLET","ISLWASB","WASHINGTON"
"ROCKWOOD POND","ROCKWOOD POND-OUTLET","ROCFITO","FITZWILLIAM"
"MASSASECUM LAKE","LAKE MASSASECUM-DAVIS BROOK #4","MASBRADB4","BRADFORD"
"MASSASECUM LAKE","LAKE MASSASECUM-MELVIN BK OUTLET #1","MASBRAMO1","BRADFORD"
"MASSASECUM LAKE","LAKE MASSASECUM-DAVIS BROOK #3","MASBRADB3","BRADFORD"
"PRATT POND","PRATT POND-WEST INLET","PRANWIWI","NEW IPSWICH"
"SUNSET LAKE","SUNSET LAKE-INLET","SUNALTI","ALTON"
"CANOBIE LAKE","CANOBIE LAKE-INLET","CANWINI","WINDHAM"
"PEARLY LAKE","PEARLY LAKE-BOWER INLET","PEARINBI","RINDGE"
"WARREN LAKE","WARREN LAKE-EDITHS BEACH","WARALSEB","ALSTEAD"
"JENNESS POND","JENNESS POND-OUTLET","JENNORO","NORTHWOOD"
"RESERVOIR POND","RESERVOIR POND-DEEP SPOT","RESDORD","DORCHESTER"
"RESERVOIR POND","RESERVOIR POND-OUTLET","RESDORO","DORCHESTER"
"FOREST LAKE","FOREST LAKE-NE BRANCH","FORWCHDN","WINCHESTER"
"FOREST LAKE","FOREST LAKE-DUMP BRANCH","FORWCHDB","WINCHESTER"
"FOREST LAKE","FOREST LAKE-CAMPGROUND INLET C","FORWCHCC","WINCHESTER"
"ONWAY LAKE","ONWAY LAKE-DAM OUTLET","ONWRAYO","RAYMOND"
"ONWAY LAKE","ONWAY LAKE-INLET","ONWRAYI","RAYMOND"
"ONWAY LAKE","ONWAY LAKE-NO NAME INLET","ONWRAYN","RAYMOND"
"NUBANUSIT LAKE","NUBANUSIT LAKE-SHADRACK PD BROOK","NUBNELSP","HANCOCK"
"NUBANUSIT LAKE","NUBANUSIT LAKE-SPOONWOOD DAM","NUBNELS","HANCOCK"
"NUBANUSIT LAKE","NUBANUSIT LAKE-LOT 10 INLET","NUBNELL","HANCOCK"
"CHALK POND","CHALK POND-SOUTH BEACH","CHANBYSB","NEWBURY"
"CHALK POND","CHALK POND-MAIN BEACH","CHANBYMB","NEWBURY"
"NEW POND","NEW POND-OUTLET","NEWCNTO","CANTERBURY"
"CHESHAM POND","CHESHAM POND-DEEP SPOT","CHEHARD","HARRISVILLE"
"CHESHAM POND","CHESHAM POND-SEAVER INLET","CHEHARSI","HARRISVILLE"
"CHESHAM POND","CHESHAM POND-SUNSET HILL INLET","CHEHARSHI","HARRISVILLE"
"CHESHAM POND","CHESHAM POND-OUTLET","CHEHARO","HARRISVILLE"
"LAKE WINNEPOCKET","WINNEPOCKET LAKE-BOXLET INLET 2","WINWEBB2","WEBSTER"
"LAKE WINNEPOCKET","LAKE WINNEPOCKET-OUTLET","WINWEBO","WEBSTER"
"LAKE WINNEPOCKET","LAKE WINNEPOCKET-WEST WIND VILLAGE","WINWEBW","WEBSTER"
"WAUKEWAN, LAKE WINONA","LAKE WAUKEWAN-BOAT LAUNCH","WAUMER1","MEREDITH"
"WAUKEWAN, LAKE WINONA","LAKE WAUKEWAN-BROOKSIDE LANE STREAM","WAUMER10","MEREDITH"
"WAUKEWAN, LAKE MAYO","LAKE WAUKEWAN-CAMP RD TRIB","WAUMERCRT","MEREDITH"
"WAUKEWAN, LAKE MAYO","LAKE WAUKEWAN-EE BROOK","WAUMER9","MEREDITH"
"WAUKEWAN, LAKE MAYO","LAKE WAUKEWAN-MAYO FARM BK","WAUMER6","MEREDITH"
"WAUKEWAN, LAKE MAYO","LAKE WAUKEWAN-SAYWARD BK","WAUMER7","MEREDITH"
"WAUKEWAN, LAKE MAYO","LAKE WAUKEWAN-SAYWARD BK UPPER","WAUMER7A","MEREDITH"
"WAUKEWAN, LAKE MAYO","LAKE WAUKEWAN-SAYWARD BK AT ROCK RIDGE","WAUMER7B","MEREDITH"
"LEDGE POND","LEDGE POND-BASCOM STREAM","LEDSUNB","SUNAPEE"
"WHEELWRIGHT POND","WHEELWRIGHT POND-DEEP SPOT","WHELEED","LEE"
"BLAISDELL LAKE","BLAISDELL LAKE-SHEEP DIP INLET","BLASUTSDI","SUTTON"
"BLAISDELL LAKE","BLAISDELL LAKE-WRIGHTS BEACH","BLASUTWRB","SUTTON"
"WILSON POND","WILSON POND-CULVERT (INLET NORTH)","WILSWAIN","SWANZEY"
"UPPER MOUNTAIN LAKE","SOUTH MOUNTAIN LAKE-BEACH","MOUSHAVB","HAVERHILL"
"LAKE WINNEPOCKET","LAKE WINNEPOCKET-COGSWELL","WINWEBC","WEBSTER"
"GARLAND POND","GARLAND POND-DEEP SPOT","GARMOUD","MOULTONBOROUGH"
"GARLAND POND","GARLAND POND-INLET","GARMOUI","MOULTONBOROUGH"
"DUTCHMAN POND","DUTCHMAN POND-SOLEAU","DUTSPRS","SPRINGFIELD"
"KEZAR LAKE","KEZAR LAKE-PENACOOK RD BRIDGE","KEZSUTPRB","SUTTON"
"LAKE MONOMONAC","LAKE MONOMONAC-DAPKAS 2","MONRIND2","RINDGE"
"BAXTER LAKE","BAXTER LAKE-CRUZE COVE","BAXFARCC","FARMINGTON"
"DUTCHMAN POND","DUTCHMAN POND-HULL-SCHULMAN","DUTSPRHS","SPRINGFIELD"
"PEMIGEWASSET LAKE","PEMIGEWASSET LAKE-SMOKE RISE COVE","PEMMERSRC","MEREDITH"
"EMERSON POND","EMERSON POND-OUTLET","EMERINO","RINDGE"
"ROCKWOOD POND","ROCKWOOD POND-BEACH INLET","ROCFITB","FITZWILLIAM"
"LOWER SUNCOOK POND","LOWER SUNCOOK POND-MORINS INLET","SUNLBRNM","BARNSTEAD"
"POST POND","POST POND-TOWN BEACH","POSLYMTB","LYME"
"MARTIN MEADOW POND","MARTIN MEADOW POND-WHITHED","MARLANWHI","LANCASTER"
"SPOFFORD LAKE","SPOFFORD LAKE-SEAMANS INLET WATERSHED","SPOCHES2WS","CHESTERFIELD"
"SPOFFORD LAKE","SPOFFORD LAKE-WARES GROVE NORTHEAST INLET","SPOCHEWNE","CHESTERFIELD"
"TUREE POND","TUREE POND-OUTLET","TURBOWO","BOW"
"UPPER MOUNTAIN LAKE","SOUTH MOUNTAIN LAKE-OUTLET","MOUSHAVO","HAVERHILL"
"SPOFFORD LAKE","SPOFFORD LAKE-CAMP SPOFFORD INLET WATERSHED","SPOCHECWS","CHESTERFIELD"
"SPOFFORD LAKE","SPOFFORD LAKE-LACHANCE INLET WATERSHED","SPOCHELWS","CHESTERFIELD"
"SPOFFORD LAKE","SPOFFORD LAKE-MOOSE HOLLOW WATERSHED","SPOCHEMHWS","CHESTERFIELD"
"SPOFFORD LAKE","SPOFFORD LAKE-RT 63 #3 INLET","SPOCHERT63-3","CHESTERFIELD"
"SPOFFORD LAKE","SPOFFORD LAKE-RTE 63-3 NW DRAINAGE DITCH","SPOCHE63-3NW","CHESTERFIELD"
"SPOFFORD LAKE","SPOFFORD LAKE-RTE 63-3 SW DRAINAGE DITCH","SPOCHERT63-3SW","CHESTERFIELD"
"CONTENTION POND","CONTENTION POND-NORTHEAST INLET","CONHSBINE","HILLSBOROUGH"
"CONTENTION POND","CONTENTION POND-SOUTH INLET","CONHSBIS","HILLSBOROUGH"
"FOREST LAKE","FOREST LAKE-NORTHWEST INLET","FORDAL3","WHITEFIELD"
"FOREST LAKE","FOREST LAKE-NEWT COTTAGE","FORDALNC","DALTON"
"LEES POND","LEES POND-PUBLIC ACCESS","LEEMOUA","MOULTONBOROUGH"
"LEES POND","LEES POND-RED RIVER","LEEMOURR","MOULTONBOROUGH"
"TUREE POND","TUREE POND-BOW CENTER RD EAST","TURBOWBCRE","BOW"
"SILVER LAKE","SILVER LAKE-DEEP SPOT","SILHLSD","HOLLIS"
"ROCK POND","ROCK POND-SWETT","ROCWINSWETT","WINDHAM"
"ROCK POND","ROCK POND-CARPENTER","ROCWINCARP","WINDHAM"
"ROCK POND","ROCK POND-BURGESS","ROCWINBURGESS","WINDHAM"
"DODGE POND","DODGE POND-BEACH","DODLMNB","LYMAN"
"AKERS POND","AKERS POND-DEEP SPOT","AKEERRD","ERROL"
"HOWE RESERVOIR","HOWE RESERVOIR-DAM OUTLET","HOWDUBO","DUBLIN"
"PEMIGEWASSET LAKE","PEMIGEWASSET LAKE-BOAT LAUNCH","PEMMERBL","MEREDITH"
"RUSSELL RESERVOIR","RUSSELL RESERVOIR-BEACH","RUSHARB","HARRISVILLE"
"LAKE TARLETON","LAKE TARLETON-WEST SHORE","TARPIEW","PIERMONT"
"SUNRISE LAKE","SUNRISE LAKE-NICOLA BEACH 1","SUNMIDNB1","MIDDLETON"
"LAKE WINNEPOCKET","LAKE WINNEPOCKET-WEST END BEACH","WINWEBWEB","WEBSTER"
"LONG POND","LONG POND-KAWAINIS INLET","LONPELKI","DRACUT"
"LYFORD POND","LYFORD POND-DEEP SPOT","LYFCNTD","CANTERBURY"
"MASSASECUM LAKE","LAKE MASSASECUM-PIERCE BROOK 2","MASBRAP2","BRADFORD"
"LAKE MONOMONAC","LAKE MONOMONAC-SANDBECK INLET","MONRINSI","RINDGE"
"BEAR POND","BEAR POND-OUTLET","BEACENO","CENTER HARBOR"
"TUCKER POND","TUCKER POND-INLET #3 DARLING","TUCSBYI3","SALISBURY"
"TUCKER POND","TUCKER POND-INLET #4 BRENNAN","TUCSBYI4","SALISBURY"
"TUCKER POND","TUCKER POND-INLET #5 BAKER","TUCSBYI5","SALISBURY"
"SUNRISE LAKE","SUNRISE LAKE-TOWN BEACH","SUNMIDTB","MIDDLETON"
"LONG POND","LONG POND-POINT SOURCE","LONPELPS","DRACUT"
"SAWYER LAKE","SAWYER LAKE - BEACH 3","SAWGLMB3","GILMANTON"
"ANGLE POND","ANGLE POND-NORTH INLET","ANGSDNNI","SANDOWN"
"LOWER MOUNTAIN LAKE","NORTH MOUNTAIN LAKE-BEACH","NMOUHAVB","HAVERHILL"
"ROCK POND","ROCK POND-REED","ROCWINREED","WINDHAM"
"HAUNTED LAKE","HAUNTED LAKE-INLET 2","HAUFRSI2","FRANCESTOWN"
"GRANITE LAKE","GRANITE LAKE-210 NORTH SHORE RD","GRASTD210NSR","STODDARD"
"BAPTIST POND","BAPTIST POND-MCALVIN POND BROOK","BAPSPRMCPB","SPRINGFIELD"
"AYERS POND","AYERS POND-LOGGING INLET","AYEBARLI","BARRINGTON"
"ANGLE POND","ANGLE POND-SMITH INLET","ANGSDNSMI","SANDOWN"
"CONTOOCOOK LAKE","CONTOOCOOK LAKE-TOWNLINE INLET UPSTREAM","CONJAF6UP","JAFFREY"
"MESSER POND","MESSER POND-HAAS BK","MESNWLHB","NEW LONDON"
"COLD POND","COLE POND-BEACH","COLANDB","ANDOVER"
"DEERING RESERVOIR","DEERING LAKE-MORROTTA BAY","DEEDRGMB","DEERING"
"SUNRISE LAKE","SUNRISE LAKE-LAKELANDS ASSOC DD","SUNMIDLLAD","MIDDLETON"
"LEES POND","LEES POND-NELSON BEACH","LEEMOUNB","MOULTONBOROUGH"
"LAKE MONOMONAC","LAKE MONOMONAC-MARINA INLET UPSTREAM","MONRINMU","RINDGE"
"JENNESS POND","JENNESS POND-HOOD BEACH","JENNORHB","NORTHWOOD"
"CANOBIE LAKE","CANOBIE LAKE-SOUTH SHORE DRAINAGE","CANWINSS","WINDHAM"
"OPECHEE BAY","OPECHEE BAY-DEEP SPOT","OPELACD","LACONIA"
NA,"ROCK POND-PIC","ROCWINPIC","WINDHAM"
"PLEASANT POND","PLEASANT POND-SF-2","PLEFRSSF2","FRANCESTOWN"
"PRATT POND","PRATT POND-SOUTH INLET UPSTREAM","PRANWISIU","NEW IPSWICH"
"PRATT POND","PRATT POND-SOUTH INLET COVE","PRANWISIC","NEW IPSWICH"
"DEERING RESERVOIR","DEERING LAKE-CAMPBELL BAY","DEEDRGCB","DEERING"
"DEERING RESERVOIR","DEERING LAKE-ZOWSKI COVE","DEEDRGZB","DEERING"
"MILLVILLE LAKE","MILLVILLE LAKE-DEEP SPOT","MILSALD","SALEM"
"JENNESS POND","JENNESS POND-MOORE BROOK","JENNORMB","NORTHWOOD"
"PLEASANT POND","PLEASANT POND-BARTLETT HILL RD","PLEFRSB","FRANCESTOWN"
"DEERING RESERVOIR","DEERING LAKE-RT 149 CULVERT","DEEDRG149","DEERING"
"JENNESS POND","JENNESS POND-THURBER BROOK UPSTREAM","JENNORTUP","NORTHWOOD"
"LAKE WINONA","LAKE WINONA-CHUTES COVE","WINNWHCC","NEW HAMPTON"
NA,"SAWYER LAKE - BEACH 1","SAWGLMB1","GILMANTON"
NA,"SAWYER LAKE - BEACH 2","SAWGLMB2","GILMANTON"
NA,"SAWYER LAKE - BEACH 4","SAWGLMB4","GILMANTON"
NA,"SAWYER LAKE - BEACH 5","SAWGLMB5","GILMANTON"
"DUTCHMAN POND","DUTCHMAN PON-MCSHERRY","DUTSPRM","SPRINGFIELD"
NA,"WATERSHED TO BE DETERMINED","WSHEDTBD","CONCORD"
"MESSER POND","MESSER POND-TOP BROWN AT BOG RD","MESNWLTBB","NEW LONDON"
"SPOFFORD LAKE","SPOFFORD LAKE-CAMP SPOFFORD WATERSHED 2","SPOCHECWS2","CHESTERFIELD"
"LAKE WICWAS","WICWAS LAKE-MARION COVE","WICMERMC","MEREDITH"
"MILLVILLE LAKE","MILLVILLE LAKE-OUTLET","MILSALO","SALEM"
"MILLVILLE LAKE","MILLVILLE LAKE-CHUCKS COVE","MILSALC","SALEM"
"MILLVILLE LAKE","MILLVILLE LAKE-CAR-MAR COVE","MILSALCMC","SALEM"
"CRYSTAL LAKE","CRYSTAL LAKE-496 CRYSTAL LK RD","CRYGLM496","GILMANTON"
"MILLVILLE LAKE","MILLVILLE LAKE-GROVE COVE INLET","MILSALG","SALEM"
"MILLVILLE LAKE","MILLVILLE LAKE-HITTY-TITTY BROOK","MILSALI","SALEM"
"MILLVILLE LAKE","MILLVILLE LAKE-17 MILLVILLE CIRCLE","MILSAL17MC","SALEM"
"STINSON LAKE","STINSON LAKE-CHLORIDE 1","STIRUMCL1","RUMNEY"
"STINSON LAKE","STINSON LAKE-CHLORIDE 2","STIRUMCL2","RUMNEY"
"STINSON LAKE","STINSON LAKE-CHLORIDE 3","STIRUMCL3","RUMNEY"
"WEARE RESERVOIR","WEARE RESERVOIR-DEEP SPOT","WEAWEAD","WEARE"
"LAKE MONOMONAC","LAKE MONOMONAC-BEGUN INLET 2","MONRINB2","RINDGE"
"LAKE MONOMONAC","LAKE MONOMONAC-COLBURN 2","MONRINC1UP","RINDGE"
"LAKE MONOMONAC","LAKE MONOMONAC-CONVERSE 2","MONRINC2UP","RINDGE"
"LAKE MONOMONAC","LAKE MONOMONAC-COOT BAY","MONRINCB","RINDGE"
"LAKE MONOMONAC","LAKE MONOMONAC-FINDLEY POINT 2","MONRINFP2","RINDGE"
"LAKE MONOMONAC","LAKE MONOMONAC-GODDARD INLET 2","MONRING2","RINDGE"
"CONTOOCOOK LAKE","CONTOOCOOK LAKE-JOWDER COVE INLET UPSTREAM","CONJAFJ1UP","JAFFREY"
"LAKE MONOMONAC","LAKE MONOMONAC-LOON BAY 2","MONRINLB2","RINDGE"
"LAKE MONOMONAC","LAKE MONOMONAC-SWAN POINT 2","MONRINSP2","RINDGE"
"CHESHAM POND","CHESHAM POND-EAST INLET","CHEHAREI","HARRISVILLE"
"WEARE RESERVOIR","WEARE RESERVOIR-COLLINS LANDING","WEAWEACL","WEARE"
"MILLVILLE LAKE","MILLVILLE LAKE-RIGHT OF WAY","MILSALROW","SALEM"
"PEMIGEWASSET LAKE","PEMIGEWASSET LAKE-VLAP DEEP SPOT","PEMMERVLAPD","MEREDITH"
"WEARE RESERVOIR","WEARE RESERVOIR-COTTAGE RD BROOK","WEAWEAC","WEARE"
"WEARE RESERVOIR","WEARE RESERVOIR-MAIN INLET","WEAWEAI","WEARE"
"LOWER SUNCOOK POND","LOWER SUNCOOK POND-BEACH 2","SUNLBRNB2","BARNSTEAD"
"WEARE RESERVOIR","WEARE RESERVOIR-RUSSELL DRIVE BROOK","WEAWEARD","WEARE"
"WEARE RESERVOIR","WEARE RESERVOIR-DAM","WEAWEAM","WEARE"
"CONTOOCOOK LAKE","CONTOOCOOK LAKE-SOUTH END","CONJAFSE","JAFFREY"
"HILLS POND","HILLS POND-BEACH 3","HILALTB3","ALTON"
"CONTENTION POND","CONTENTION POND-BEACH","CONHSBB","HILLSBOROUGH"
NA,"LONG POND-RICHARDSON BEACH","LONPELRB","DRACUT"
NA,"SAWYER LAKE - BEACH 6","SAWGLMB6","GILMANTON"
"WAUKEWAN, LAKE WINONA","WAUKEWAN LAKE-MONKEY POND CULVERT","WAUMERMPC","MEREDITH"
"WAUKEWAN, LAKE WINONA","WAUKEWAN LAKE-RESERVOIR BROOK","WAUMERRB","MEREDITH"
"FOREST LAKE","FOREST LAKE-MARTIN COVE","FORDALMC","DALTON"
"WEARE RESERVOIR","WEARE RESERVOIR-WATERMAN COVE","WEAWEAWC","WEARE"
"STINSON LAKE","STINSON LAKE-CHLORIDE 4","STIRUMCL4","RUMNEY"
"STINSON LAKE","STINSON LAKE-CHLORIDE 5","STIRUMCL5","RUMNEY"
"ANGLE POND","ANGLE POND-LAKEVIEW RAMP","ANGSDNLV","SANDOWN"
"ANGLE POND","ANGLE POND-CONDOS","ANGSDNC","SANDOWN"
NA,"MARTIN MEADOW-CULVERT DOWN STREAM","MARLANCD","LANCASTER"
"MARTIN MEADOW POND","MARTIN MEADOW POND-CULVERT","MARLANC","LANCASTER"
"THORNDIKE POND","THORNDIKE POND-TOWN BEACH","THOJAFTB","JAFFREY"
"SPOFFORD LAKE","SPOFFORD LAKE-PINNACLE SPRINGS","SPOCHEPS","CHESTERFIELD"
"WEARE RESERVOIR","WEARE RESERVOIR-TIFFANY HILL","WEAWEATF","WEARE"
"SPOFFORD LAKE","SPOFFORD LAKE-855 RTE 63","SPOCHE855RT63","CHESTERFIELD"
NA,"QUIMBY WEST","TUCSBYQW","SALISBURY"
NA,"QUIMBY NORTH","TUCSBYQN","SALISBURY"
"DEERING RESERVOIR","DEERING LAKE-SALT STORAGE WETLAND","DEEDRGSSW","DEERING"
"DEERING RESERVOIR","DEERING LAKE-STREAM B","DEEDRGS2","DEERING"
"DEERING RESERVOIR","DEERING LAKE-HEDGEHOG MTN RD","DEEDRGHHR","DEERING"
NA,"TUCKER POND - SOUTH INLET","TUCSBYI1S","SALISBURY"
NA,"TUCKER POND - DEAD MAN EAST","TUCSBYDME","SALISBURY"
"SWANZEY LAKE","SWANZEY LAKE - 208 EAST SHORE","SWASWAES","SWANZEY"
NA,"MILLVILLE LAKE-HITTY TITTY INLET (BRIDGE)","MILSALIBR","SALEM"
"LOWER BEECH POND","LOWER BEECH POND-BOYS CAMP","BEELTUFBC","TUFTONBORO"
"MILLVILLE LAKE","MILLVILLE LAKE-GENERIC","MILSAL-GEN","SALEM"
